City_ID,City,Country,Lat,Lng,Max Temp,Humidity,Cloudiness,Wind Speed,Current Description
0,Yulara,AU,-25.2406,130.9889,62.6,55,1,5.75,clear sky
1,Jamestown,US,42.097,-79.2353,66.2,45,20,3.44,few clouds
2,Kapaa,US,22.0752,-159.319,75.2,57,75,23.02,broken clouds
3,Bonito,BR,-21.1211,-56.4819,79.61,50,92,5.77,overcast clouds
4,Ribeira Grande,PT,38.5167,-28.7,60.48,86,13,8.86,few clouds
5,Padang,ID,-0.9492,100.3543,75.2,94,20,2.3,moderate rain
6,Albany,US,42.6001,-73.9662,63.0,23,20,8.05,few clouds
7,Zhigansk,RU,66.7697,123.3711,-7.55,99,97,11.99,overcast clouds
8,Ushuaia,AR,-54.8,-68.3,51.8,66,75,6.26,light rain
9,Port Alfred,ZA,-33.5906,26.891,63.95,86,57,13.53,broken clouds
10,Constitucion,CL,-35.3333,-72.4167,57.56,84,97,5.08,overcast clouds
11,Yellowknife,CA,62.456,-114.3525,19.4,73,90,14.97,light snow
12,Georgetown,MY,5.4112,100.3354,79.0,94,20,5.1,few clouds
13,Pevek,RU,69.7008,170.3133,-13.95,97,100,6.26,overcast clouds
14,Rikitea,PF,-23.1203,-134.9692,77.29,70,9,8.88,clear sky
15,Tanout,NE,14.9709,8.8879,82.87,9,77,8.5,broken clouds
16,Saskylakh,RU,71.9167,114.0833,8.69,95,100,6.82,overcast clouds
17,Los Llanos De Aridane,ES,28.6585,-17.9182,66.2,68,40,5.75,scattered clouds
18,Tuatapere,NZ,-46.1333,167.6833,57.0,83,86,8.01,overcast clouds
19,Qasigiannguit,GL,68.8193,-51.1922,17.6,79,90,8.05,overcast clouds
20,Bethel,US,41.3712,-73.414,66.2,24,1,12.66,clear sky
21,Barrow,US,71.2906,-156.7887,-2.2,71,20,9.22,few clouds
22,Yashalta,RU,46.3395,42.2762,46.27,63,91,11.23,overcast clouds
23,Bandarbeyla,SO,9.4942,50.8122,77.72,63,84,8.86,broken clouds
24,Tuy Hoa,VN,13.0833,109.3,73.8,92,87,3.47,overcast clouds
25,Emmauss,RU,56.7805,36.115,34.0,88,100,5.79,snow
26,Umarkot,PK,25.3616,69.7362,77.74,59,0,10.85,clear sky
27,New Norfolk,AU,-42.7826,147.0587,55.99,85,39,5.99,scattered clouds
28,Husavik,IS,66.0449,-17.3389,15.8,62,0,2.3,clear sky
29,Tuktoyaktuk,CA,69.4541,-133.0374,-7.6,77,75,10.36,broken clouds
30,Tefe,BR,-3.3542,-64.7114,82.4,83,20,5.75,few clouds
31,Kununurra,AU,-15.7667,128.7333,71.6,100,60,1.5,broken clouds
32,Khatanga,RU,71.9667,102.5,-12.71,100,99,6.24,overcast clouds
33,Mar Del Plata,AR,-38.0023,-57.5575,70.0,94,40,11.5,mist
34,Clyde River,CA,70.4692,-68.5914,14.0,57,20,3.15,few clouds
35,Boyabat,TR,41.4689,34.7667,60.4,50,100,3.33,overcast clouds
36,Meulaboh,ID,4.1363,96.1285,76.8,85,99,2.62,overcast clouds
37,Hermanus,ZA,-34.4187,19.2345,57.99,92,19,1.99,few clouds
38,Yenagoa,NG,4.9247,6.2642,78.35,91,46,3.94,scattered clouds
39,Bonthe,SL,7.5264,-12.505,79.2,82,21,3.38,moderate rain
40,Fortuna,US,40.5982,-124.1573,57.0,71,1,17.27,clear sky
41,Tonekabon,IR,36.8163,50.8738,55.4,88,90,4.61,overcast clouds
42,Ahipara,NZ,-35.1667,173.1667,67.8,62,100,8.66,overcast clouds
43,Cabo San Lucas,MX,22.8909,-109.9124,80.6,50,1,4.61,clear sky
44,Atambua,ID,-9.1061,124.8925,75.7,82,80,0.31,broken clouds
45,Bud,US,39.447,-86.1758,77.0,41,40,10.36,scattered clouds
46,San Policarpo,PH,12.1791,125.5072,78.89,79,68,13.56,broken clouds
47,Saint Anthony,US,45.0205,-93.218,66.0,68,75,6.91,broken clouds
48,Bluff,NZ,-46.6,168.3333,57.0,83,100,8.01,overcast clouds
49,Atuona,PF,-9.8,-139.0333,81.05,77,81,10.58,broken clouds
50,Nikolskoye,RU,59.7035,30.7861,35.01,80,0,8.95,clear sky
51,Grindavik,IS,63.8424,-22.4338,24.8,68,0,3.44,clear sky
52,Springbok,ZA,-29.6643,17.8865,63.34,51,0,2.53,clear sky
53,Mataura,NZ,-46.1927,168.8643,57.0,83,100,8.01,overcast clouds
54,Saint-Pierre,RE,-21.3393,55.4781,77.0,69,0,5.75,clear sky
55,Mayumba,GA,-3.432,10.6554,78.55,89,100,5.88,overcast clouds
56,Busselton,AU,-33.65,115.3333,60.01,98,81,1.01,broken clouds
57,Cape Town,ZA,-33.9258,18.4232,63.0,94,0,9.22,clear sky
58,Lebanon,US,36.2081,-86.2911,80.6,36,40,8.05,scattered clouds
59,Hobart,AU,-42.8794,147.3294,55.99,82,20,10.36,few clouds
60,Ilulissat,GL,69.2167,-51.1,17.6,79,90,8.05,overcast clouds
61,Asau,RO,46.4333,26.4,37.99,59,96,0.63,light rain
62,Ostrovnoy,RU,68.0531,39.5131,30.18,86,100,18.16,overcast clouds
63,Cefalu,IT,38.0386,14.0229,55.99,68,0,11.01,clear sky
64,Goure,NE,13.9835,10.2704,82.02,12,55,6.35,broken clouds
65,Qaanaaq,GL,77.484,-69.3632,-0.81,82,100,2.28,overcast clouds
66,Kruisfontein,ZA,-34.0033,24.7314,55.99,94,66,5.95,broken clouds
67,Bambous Virieux,MU,-20.3428,57.7575,77.0,94,75,3.44,broken clouds
68,Srednekolymsk,RU,67.45,153.6833,-4.7,82,87,9.01,overcast clouds
69,Sitka,US,57.0531,-135.33,35.6,87,90,8.05,light rain
70,Torbay,CA,47.6666,-52.7314,37.99,100,90,11.5,light rain
71,Ponta Do Sol,PT,32.6667,-17.1,61.0,68,10,5.01,clear sky
72,Pathein,MM,16.7833,94.7333,74.28,92,7,4.34,clear sky
73,Faanui,PF,-16.4833,-151.75,80.65,62,60,11.99,broken clouds
74,Sayyan,YE,15.1718,44.3244,54.25,19,16,4.38,few clouds
75,Manggar,ID,-2.8833,108.2667,78.53,85,80,5.48,broken clouds
76,Yarada,IN,17.65,83.2667,78.8,89,20,2.3,mist
77,Hilo,US,19.7297,-155.09,69.8,83,90,5.75,moderate rain
78,Quatre Cocos,MU,-20.2078,57.7625,77.0,94,75,3.44,broken clouds
79,Upernavik,GL,72.7868,-56.1549,5.13,92,100,14.74,overcast clouds
80,Lingao,CN,19.9103,109.6859,72.86,90,45,10.6,scattered clouds
81,Phulji,PK,26.8825,67.6807,77.22,21,0,5.66,clear sky
82,La Reforma,MX,25.0833,-108.05,87.01,52,17,5.99,few clouds
83,Kavaratti,IN,10.5669,72.642,82.63,75,44,7.74,scattered clouds
84,Hay River,CA,60.8156,-115.7999,19.4,79,100,9.22,overcast clouds
85,Leningradskiy,RU,69.3833,178.4167,-4.25,88,56,8.93,broken clouds
86,Dikson,RU,73.5069,80.5464,-7.33,100,92,6.62,overcast clouds
87,Necochea,AR,-38.5473,-58.7368,71.01,75,6,5.99,clear sky
88,Lebu,CL,-37.6167,-73.65,57.49,90,100,6.26,overcast clouds
89,Jalgaon,IN,21.0167,75.5667,83.59,27,0,9.8,clear sky
90,America Dourada,BR,-11.4553,-41.4361,74.17,67,15,10.76,few clouds
91,Comodoro Rivadavia,AR,-45.8667,-67.5,64.4,77,20,1.14,few clouds
92,Ormara,PK,25.2088,64.6357,81.01,36,0,8.72,clear sky
93,Bengkulu,ID,-3.8004,102.2655,73.69,86,76,4.25,broken clouds
94,Awjilah,LY,29.1081,21.2869,61.79,69,80,12.53,broken clouds
95,Labuhan,ID,-6.8844,112.2051,77.5,87,98,6.38,light rain
96,Kodiak,US,57.79,-152.4072,41.0,48,1,13.8,clear sky
97,Kavieng,PG,-2.5744,150.7967,80.2,80,100,7.09,light rain
98,Klaksvik,FO,62.2266,-6.589,26.6,74,75,20.71,light rain
99,Sao Filipe,CV,14.8961,-24.4956,75.22,65,0,9.17,clear sky
100,Kyren,RU,51.6828,102.1408,35.11,56,61,2.3,broken clouds
101,Bathsheba,BB,13.2167,-59.5167,80.6,61,40,12.66,scattered clouds
102,Touros,BR,-5.1989,-35.4608,80.6,74,0,8.05,clear sky
103,Esperance,AU,-33.8667,121.9,64.4,100,90,5.75,overcast clouds
104,Pangnirtung,CA,66.1451,-65.7125,10.4,72,20,4.61,few clouds
105,Punta Arenas,CL,-53.15,-70.9167,48.2,87,75,11.5,broken clouds
106,Geraldton,AU,-28.7667,114.6,68.0,83,60,4.61,broken clouds
107,Bredasdorp,ZA,-34.5322,20.0403,59.0,94,43,2.64,scattered clouds
108,Havre,FR,49.5833,0.3333,37.4,70,40,10.36,scattered clouds
109,Ixtapa,MX,20.7,-105.2,80.6,69,1,11.5,clear sky
110,Bhandaria,BD,22.4861,90.0609,73.78,81,0,5.82,clear sky
111,Richards Bay,ZA,-28.783,32.0377,69.87,91,81,6.42,light rain
112,Verkhoyansk,RU,67.5447,133.385,-10.66,93,52,3.06,broken clouds
113,Eyrarbakki,IS,63.863,-21.1481,26.6,59,0,4.61,clear sky
114,Vieques,PR,18.425,-65.8329,78.8,78,75,12.66,broken clouds
115,Sitia,GR,35.2,26.0986,57.0,79,2,5.59,clear sky
116,Akureyri,IS,65.6835,-18.0878,15.8,62,0,2.3,clear sky
117,Dunedin,NZ,-45.8742,170.5036,57.99,66,75,5.99,broken clouds
118,Puerto Ayora,EC,-0.7393,-90.3518,80.6,83,20,10.36,light rain
119,Rio Gallegos,AR,-51.6226,-69.2181,51.8,87,20,8.05,few clouds
120,Grand Gaube,MU,-20.0064,57.6608,77.0,94,75,3.44,broken clouds
121,Roald,NO,62.5833,6.1333,35.6,93,75,13.8,light rain
122,Vila Velha,BR,-20.3297,-40.2925,78.01,78,20,5.75,few clouds
123,Innisfail,AU,-17.5333,146.0333,73.99,96,100,1.99,overcast clouds
124,Kilindoni,TZ,-7.9139,39.6668,80.35,80,95,14.18,moderate rain
125,Ahuimanu,US,21.4447,-157.8378,78.8,53,75,14.97,broken clouds
126,Te Horo,NZ,-40.8084,175.1233,64.99,78,2,4.0,clear sky
127,Tazovskiy,RU,67.4667,78.7,28.18,94,100,15.37,overcast clouds
128,Port Blair,IN,11.6667,92.75,79.9,77,87,3.78,overcast clouds
129,Hithadhoo,MV,-0.6,73.0833,82.99,62,98,8.79,overcast clouds
130,Caxito,AO,-8.5785,13.6643,78.8,78,75,18.41,moderate rain
131,Vila Franca Do Campo,PT,37.7167,-25.4333,59.0,94,20,1.14,few clouds
132,Avarua,CK,-21.2078,-159.775,82.4,69,75,13.8,broken clouds
133,Saint-Philippe,RE,-21.3585,55.7679,77.0,69,0,5.75,clear sky
134,Edd,ER,13.9297,41.6925,87.49,25,51,20.15,broken clouds
135,Thompson,CA,55.7435,-97.8558,41.0,52,40,5.75,scattered clouds
136,Half Moon Bay,US,37.4636,-122.4286,66.99,82,90,10.36,haze
137,Kungurtug,RU,50.5994,97.5228,21.43,86,5,2.1,clear sky
138,Fethiye,TR,36.6217,29.1164,64.4,77,20,8.05,few clouds
139,Dzhebariki-Khaya,RU,62.2167,135.8,-3.8,93,100,3.13,overcast clouds
140,Arica,CL,-18.475,-70.3042,69.8,78,0,8.05,clear sky
141,Provideniya,RU,64.3833,-173.3,6.8,61,0,6.71,clear sky
142,Floresta,BR,-8.6011,-38.5686,79.93,54,22,20.83,few clouds
143,Abu Samrah,SY,35.3029,37.1841,68.43,22,49,13.33,scattered clouds
144,Shingu,JP,33.7333,135.9833,54.21,81,76,3.87,broken clouds
145,Ulladulla,AU,-35.35,150.4667,68.0,100,40,3.67,scattered clouds
146,Gori,GE,41.9842,44.1158,47.17,81,59,4.03,broken clouds
147,Pochutla,MX,15.7432,-96.4661,84.99,70,90,9.22,overcast clouds
148,Mogadishu,SO,2.0371,45.3438,81.59,73,17,11.9,few clouds
149,Carnarvon,AU,-24.8667,113.6333,75.2,78,70,11.5,broken clouds
150,Riyadh,SA,24.6877,46.7219,73.4,15,0,2.44,clear sky
151,Vaini,TO,-21.2,-175.2,80.6,69,20,10.36,few clouds
152,Tabuk,PH,17.4189,121.4443,71.8,77,44,3.04,scattered clouds
153,Souillac,MU,-20.5167,57.5167,77.0,94,75,3.44,light rain
154,Zabid,YE,14.1951,43.3152,79.11,64,14,2.84,few clouds
155,Angoche,MZ,-16.2325,39.9086,75.78,72,43,9.01,scattered clouds
156,San Angelo,US,31.4638,-100.437,87.8,29,1,20.71,clear sky
157,Cam Ranh,VN,11.9214,109.1591,77.0,78,20,4.61,few clouds
158,Houma,US,29.5958,-90.7195,79.0,78,40,17.27,scattered clouds
159,Manokwari,ID,-0.8667,134.0833,80.02,78,97,1.68,overcast clouds
160,Darnah,LY,32.767,22.6367,58.44,85,4,13.71,clear sky
161,Yakima,US,46.4665,-120.6678,68.0,20,1,4.61,clear sky
162,Tafresh,IR,34.692,50.013,52.2,33,3,4.25,clear sky
163,Bonfim,BR,3.0833,-59.95,75.2,94,90,9.22,moderate rain
164,Beringovskiy,RU,63.05,179.3167,0.57,83,10,8.03,clear sky
165,Nautla,MX,20.2167,-96.7833,79.54,67,69,19.64,broken clouds
166,Nabire,ID,-3.3667,135.4833,78.03,89,100,2.51,overcast clouds
167,Eydhafushi,MV,5.1033,73.0708,83.48,67,100,7.11,overcast clouds
168,Tasiilaq,GL,65.6145,-37.6368,23.0,86,75,19.57,broken clouds
169,Wukari,NG,7.85,9.7833,84.51,56,85,9.66,overcast clouds
170,Gat,IL,31.61,34.7642,69.01,46,85,2.17,overcast clouds
171,Coahuayana,MX,18.7333,-103.6833,80.6,50,40,7.18,scattered clouds
172,San Patricio,US,28.017,-97.5169,79.0,65,40,32.21,scattered clouds
173,Vostok,RU,46.4856,135.8833,24.12,80,99,7.99,snow
174,Mopti,ML,14.6667,-4.0,91.4,18,0,4.61,clear sky
175,Dakar,SN,14.6937,-17.4441,71.6,73,0,11.5,clear sky
176,Pocri,PA,8.2667,-80.55,89.6,51,40,19.57,scattered clouds
177,Jiayuguan,CN,39.8167,98.3,40.3,52,0,2.24,clear sky
178,Erzin,TR,36.9559,36.2,63.0,60,18,15.99,few clouds
179,Gilgit,PK,35.9221,74.3087,49.5,97,100,1.39,overcast clouds
180,San Quintin,MX,30.4833,-115.95,64.85,65,92,20.65,overcast clouds
181,Arraial Do Cabo,BR,-22.9661,-42.0278,77.0,69,20,10.36,heavy intensity rain
182,Plettenberg Bay,ZA,-34.0527,23.3716,63.39,73,91,3.15,overcast clouds
183,San Cristobal,VE,7.7669,-72.225,86.0,62,40,9.22,scattered clouds
184,Ust-Omchug,RU,61.15,149.6333,4.78,92,99,3.27,overcast clouds
185,Bani,DO,18.2833,-70.3333,75.2,94,75,6.91,broken clouds
186,Okato,NZ,-39.2,173.8833,61.0,94,1,2.21,clear sky
187,Cherskiy,RU,68.75,161.3,-9.29,86,22,0.96,few clouds
188,Am Timan,TD,11.0297,20.2827,87.42,12,5,6.91,clear sky
189,Caravelas,BR,-17.7125,-39.2481,74.88,69,2,4.81,clear sky
190,Luganville,VU,-15.5333,167.1667,82.54,75,70,10.56,broken clouds
191,Uyemskiy,RU,64.4743,40.8524,32.0,93,40,4.47,scattered clouds
192,Saiki,JP,32.95,131.9,51.8,62,20,4.61,few clouds
193,Togur,RU,58.3631,82.8265,32.14,90,100,12.93,overcast clouds
194,Port Macquarie,AU,-31.4333,152.9167,71.01,99,56,1.01,broken clouds
195,Castro,BR,-24.7911,-50.0119,59.2,94,49,4.65,scattered clouds
196,Mangai,CD,-4.05,19.5333,71.73,95,100,0.98,overcast clouds
197,Vao,NC,-22.6667,167.4833,75.74,64,93,14.47,overcast clouds
198,Lancaster,US,40.2504,-76.2499,71.6,24,1,10.36,clear sky
199,Maryville,US,35.7565,-83.9705,77.0,31,20,6.91,few clouds
200,Boguchany,RU,58.3814,97.4531,37.17,95,96,5.82,overcast clouds
201,Port Elizabeth,ZA,-33.918,25.5701,60.8,94,0,2.3,clear sky
202,Luderitz,NA,-26.6481,15.1594,62.37,77,0,8.66,clear sky
203,Chuy,UY,-33.6971,-53.4616,67.3,88,8,7.52,clear sky
204,Masvingo,ZW,-20.0637,30.8277,58.69,64,0,7.43,clear sky
205,Pitimbu,BR,-7.4706,-34.8086,78.8,83,0,8.05,clear sky
206,Haines Junction,CA,60.7522,-137.5108,19.4,42,100,9.22,light snow
207,Sambava,MG,-14.2667,50.1667,77.34,87,100,5.39,light rain
208,Mehamn,NO,71.0357,27.8492,31.44,81,99,22.75,overcast clouds
209,East London,ZA,-33.0153,27.9116,65.93,81,54,14.23,broken clouds
210,Kieta,PG,-6.2167,155.6333,81.14,83,100,4.14,moderate rain
211,Victoria,HK,22.2855,114.1577,73.0,82,86,5.99,overcast clouds
212,Sao Paulo De Olivenca,BR,-3.3783,-68.8725,75.2,93,76,0.69,broken clouds
213,Khargone,IN,21.8167,75.6,83.53,23,0,8.28,clear sky
214,Puebloviejo,CO,10.9938,-74.2844,87.8,70,75,3.44,broken clouds
215,Nuuk,GL,64.1835,-51.7216,24.8,93,75,13.8,broken clouds
216,Laguna,US,38.421,-121.4238,77.0,38,1,3.44,clear sky
217,Isangel,VU,-19.55,169.2667,84.2,70,20,13.8,few clouds
218,Lasa,IT,46.6166,10.7002,21.2,73,0,5.75,clear sky
219,Brae,GB,60.3964,-1.353,33.8,80,90,21.85,light snow
220,Morrope,PE,-6.5417,-80.0111,82.0,61,75,20.71,broken clouds
221,Champerico,GT,14.3,-91.9167,89.6,62,75,9.22,broken clouds
222,Baruun-Urt,MN,46.6806,113.2792,35.31,40,96,5.99,overcast clouds
223,Broome,US,42.2506,-75.833,60.8,11,1,11.5,clear sky
224,Devonport,AU,-41.1667,146.35,60.01,84,69,1.99,broken clouds
225,Nouadhibou,MR,20.931,-17.0347,64.4,82,0,13.8,clear sky
226,Coihaique,CL,-45.5752,-72.0662,57.2,67,75,4.61,light rain
227,Porto Novo,BJ,6.4965,2.6036,75.2,94,75,8.05,moderate rain
228,Coquimbo,CL,-29.9533,-71.3436,62.6,77,0,11.5,clear sky
229,Havre-Saint-Pierre,CA,50.2334,-63.5986,50.0,71,20,19.57,few clouds
230,Yebaishou,CN,41.3975,119.6408,41.61,18,24,9.17,few clouds
231,Jogindarnagar,IN,31.9833,76.7667,57.79,74,100,13.24,overcast clouds
232,Zhezkazgan,KZ,47.8043,67.7144,44.53,77,49,5.93,scattered clouds
233,Severnyy,RU,50.677,36.5532,44.6,53,0,11.18,clear sky
234,Sojat,IN,25.9167,73.6667,77.41,37,0,8.1,clear sky
235,Kochevo,RU,59.5994,54.3125,26.53,97,90,3.29,overcast clouds
236,Chuguyevka,RU,44.1653,133.8633,36.21,45,15,8.08,few clouds
237,Pabbi,PK,34.0106,71.7989,57.2,77,40,0.67,haze
238,Klaebu,NO,63.2976,10.4826,36.0,87,40,13.8,snow
239,Port Hedland,AU,-20.3167,118.5667,71.6,64,20,9.22,few clouds
240,Veyrier,CH,46.167,6.1844,37.4,41,90,3.44,overcast clouds
241,Petropavlovsk-Kamchatskiy,RU,53.0452,158.6483,26.6,68,10,8.95,clear sky
242,Shimoda,JP,34.6667,138.95,54.0,55,64,1.01,broken clouds
243,Lorengau,PG,-2.0226,147.2712,83.68,72,91,8.81,overcast clouds
244,Iqaluit,CA,63.7506,-68.5145,15.8,92,75,11.5,broken clouds
245,Palmer,US,42.1584,-72.3287,66.2,26,20,10.36,few clouds
246,Maragogi,BR,-9.0122,-35.2225,78.17,81,99,8.41,overcast clouds
247,Cabedelo,BR,-6.9811,-34.8339,78.8,83,0,8.05,clear sky
248,Clarksdale,US,34.2001,-90.5709,78.8,44,56,11.5,broken clouds
249,Korla,CN,41.7597,86.1469,52.92,29,88,9.15,overcast clouds
250,Narsaq,GL,60.9167,-46.05,35.6,87,75,1.14,broken clouds
251,Pangai,TO,-19.8,-174.35,82.4,65,20,4.61,few clouds
252,Chiang Klang,TH,19.2938,100.8617,68.34,93,65,1.36,broken clouds
253,Turayf,SA,31.6725,38.6637,66.2,24,0,20.71,clear sky
254,Komsomolskiy,UZ,40.4272,71.7189,48.2,81,95,6.91,overcast clouds
255,Koulikoro,ML,14.0,-7.75,84.87,10,0,9.13,clear sky
256,Olafsvik,IS,64.8945,-23.7142,28.87,71,83,9.35,broken clouds
257,New Plymouth,NZ,-39.0667,174.0833,61.0,94,0,2.08,clear sky
258,Sivaki,RU,52.6333,126.75,11.52,69,76,15.43,broken clouds
259,Rabo De Peixe,PT,37.8,-25.5833,59.0,94,20,1.14,few clouds
260,Chokurdakh,RU,70.6333,147.9167,-7.96,78,99,2.51,overcast clouds
261,Sangar,RU,63.9242,127.4739,-7.46,96,61,5.19,broken clouds
262,Alexandria,EG,31.2156,29.9553,62.6,88,0,2.3,clear sky
263,Odoyev,RU,53.9393,36.6864,36.21,90,100,6.17,overcast clouds
264,Floro,NO,61.5996,5.0328,37.4,81,75,12.66,light rain
265,Valley City,US,46.9233,-98.0032,53.6,28,1,11.5,clear sky
266,Port Lincoln,AU,-34.7333,135.8667,67.21,71,0,9.31,heavy intensity rain
267,Norman Wells,CA,65.282,-126.8329,8.6,47,75,4.61,broken clouds
268,Garissa,KE,-0.4536,39.6401,80.4,76,19,13.4,few clouds
269,Yumaguzino,RU,52.9041,56.3933,37.76,93,97,9.66,overcast clouds
270,Tiksi,RU,71.6872,128.8694,-7.46,96,42,5.32,scattered clouds
271,Coolum Beach,AU,-26.5333,153.1,72.0,97,99,16.71,overcast clouds
272,Pak Phanang,TH,8.3511,100.202,79.72,83,67,2.82,broken clouds
273,Erenhot,CN,43.6475,111.9767,39.29,47,16,7.81,few clouds
274,Warragul,AU,-38.1667,145.9333,60.01,95,58,1.99,broken clouds
275,Sharkan,RU,57.2989,53.8712,35.01,69,88,4.0,light snow
276,Cap Malheureux,MU,-19.9842,57.6142,77.0,94,75,3.44,broken clouds
277,Nelson Bay,AU,-32.7167,152.15,70.0,100,40,4.61,light rain
278,Rockhampton,AU,-23.3833,150.5,73.4,88,90,6.91,overcast clouds
279,Mnogovershinnyy,RU,53.9353,139.9242,23.67,90,98,6.82,light snow
280,Talnakh,RU,69.4865,88.3972,15.4,98,98,3.06,overcast clouds
281,Mattru,SL,7.6244,-11.8332,75.61,87,52,2.51,moderate rain
282,Sola,VU,-13.8833,167.55,82.4,83,20,3.44,few clouds
283,Russell,US,32.3502,-85.1999,80.6,26,1,3.44,clear sky
284,Salinopolis,BR,-0.6136,-47.3561,79.77,83,86,10.04,overcast clouds
285,Flinders,AU,-34.5833,150.8552,71.01,95,48,4.68,light rain
286,Penzance,GB,50.1186,-5.5371,46.0,60,75,13.8,broken clouds
287,Egvekinot,RU,66.3167,-179.1667,0.09,72,1,2.01,clear sky
288,Bilibino,RU,68.0546,166.4372,-2.58,86,68,1.72,broken clouds
289,Berlevag,NO,70.8578,29.0864,31.03,81,98,22.08,overcast clouds
290,Mahebourg,MU,-20.4081,57.7,77.0,94,75,3.44,broken clouds
291,Chilliwack,CA,49.1747,-121.9443,57.99,47,93,4.61,overcast clouds
292,West Lorne,CA,42.6001,-81.5998,62.01,59,20,8.05,few clouds
293,Lata,PT,40.1629,-8.3327,57.0,75,66,0.69,broken clouds
294,Mercedes,AR,-34.6515,-59.4307,77.0,59,23,1.99,few clouds
295,Bontang,ID,0.1333,117.5,77.49,86,32,2.98,scattered clouds
296,Grand Island,US,40.925,-98.342,71.6,53,90,19.57,overcast clouds
297,Baykit,RU,61.67,96.37,36.61,98,100,6.46,overcast clouds
298,Butaritari,KI,3.0707,172.7902,79.95,80,100,8.46,overcast clouds
299,Cockburn Town,TC,21.4612,-71.1419,75.2,64,40,13.8,scattered clouds
300,Port-Gentil,GA,-0.7193,8.7815,77.0,94,20,2.3,few clouds
301,Gangapur,IN,26.4833,76.7167,79.75,18,0,6.4,clear sky
302,Kortkeros,RU,61.8106,51.5806,35.6,60,0,6.71,clear sky
303,Marsh Harbour,BS,26.5412,-77.0636,69.31,50,11,7.92,few clouds
304,Lagoa,PT,39.05,-27.9833,60.06,82,99,6.08,overcast clouds
305,Naze,JP,28.3667,129.4833,66.2,55,20,19.57,few clouds
306,Moundou,TD,8.5667,16.0833,86.92,15,34,2.84,scattered clouds
307,Flic En Flac,MU,-20.2742,57.3631,77.0,94,75,3.44,light rain
308,Lazaro Cardenas,MX,17.9583,-102.2,83.17,54,0,12.28,clear sky
309,Cabildo,AR,-38.4842,-61.8954,73.99,72,2,4.0,clear sky
310,Gonen,TR,40.1049,27.654,64.4,82,40,5.75,scattered clouds
311,Severo-Kurilsk,RU,50.6789,156.125,27.9,68,14,12.26,few clouds
312,Sironko,UG,1.2313,34.2477,64.99,86,100,5.08,overcast clouds
313,Bangangte,CM,5.1409,10.5198,64.26,90,96,4.54,overcast clouds
314,Ternate,ID,0.8,127.4,81.05,79,100,3.78,overcast clouds
315,Guerrero Negro,MX,27.9769,-114.0611,68.38,56,97,19.89,overcast clouds
316,Aklavik,CA,68.2191,-135.0107,3.2,60,90,2.3,light snow
317,Muros,ES,42.7762,-9.0603,52.0,65,1,20.74,clear sky
318,San Luis,AR,-33.295,-66.3356,72.55,55,1,10.31,clear sky
319,Muroto,JP,33.2833,134.15,50.0,71,20,16.11,few clouds
320,Mount Isa,AU,-20.7333,139.5,78.8,50,13,5.75,few clouds
321,Kabinda,CD,-6.1333,24.4833,66.58,96,100,3.4,light rain
322,Sao Joao Da Barra,BR,-21.6403,-41.0511,77.0,69,0,9.22,light rain
323,Severobaykalsk,RU,55.65,109.3167,20.14,93,61,3.44,broken clouds
324,Seydisehir,TR,37.4193,31.8453,48.24,57,23,4.92,few clouds
325,Kindu,CD,-2.95,25.95,69.17,98,91,1.14,light rain
326,Opuwo,NA,-18.0607,13.84,71.69,47,18,7.31,few clouds
327,Nome,US,64.5011,-165.4064,15.8,45,1,7.2,clear sky
328,Kaniama,CD,-7.5667,24.1833,66.11,96,84,2.93,light rain
329,Bogande,BF,12.9714,-0.1436,85.23,11,91,1.77,overcast clouds
330,Mitu,CO,1.1983,-70.1733,73.69,96,77,0.76,broken clouds
331,Tazmalt,DZ,36.3868,4.3989,56.25,53,7,0.58,clear sky
332,Vanimo,PG,-2.6741,141.3028,78.69,88,99,1.81,light rain
333,Vestmannaeyjar,IS,63.4427,-20.2734,30.87,49,58,3.96,broken clouds
334,Hasaki,JP,35.7333,140.8333,50.0,76,20,6.91,few clouds
335,Sorland,NO,67.667,12.6934,34.25,69,100,30.89,snow
336,Hamilton,US,39.1834,-84.5333,77.0,43,40,10.36,scattered clouds
337,Conceicao Do Araguaia,BR,-8.2578,-49.2647,78.8,94,0,3.44,moderate rain
338,Wagar,SD,16.1525,36.2032,84.16,49,4,9.1,clear sky
339,Crotone,IT,39.0851,17.1178,53.01,100,90,21.85,fog
340,Lubango,AO,-14.9172,13.4925,64.0,59,75,4.54,broken clouds
341,Cidreira,BR,-30.1811,-50.2056,73.33,81,0,15.19,clear sky
342,Tilichiki,RU,60.4667,166.1,11.26,89,100,7.45,overcast clouds
343,Qarqin,AF,37.4185,66.0436,59.45,40,0,4.34,clear sky
344,Portland,US,45.5234,-122.6762,64.99,33,1,6.91,clear sky
345,Rio Grande,BR,-32.035,-52.0986,73.99,88,0,1.99,clear sky
346,Pervoye Maya,RU,56.164,44.7196,37.4,65,0,4.47,clear sky
347,Salalah,OM,17.0151,54.0924,77.0,78,0,3.44,clear sky
348,Marau,BR,-28.4492,-52.2,68.14,64,40,3.24,scattered clouds
349,Tessalit,ML,20.1986,1.0114,79.39,5,0,7.9,clear sky
350,Kant,IN,27.8,79.8,75.83,19,38,8.72,scattered clouds
351,Baghdad,IQ,33.3406,44.4009,66.2,39,0,5.75,clear sky
352,Baiao,BR,-2.7906,-49.6717,77.94,82,83,1.25,broken clouds
353,Coruripe,BR,-10.1256,-36.1756,77.76,74,36,8.21,scattered clouds
354,Sfantu Gheorghe,RO,45.8667,25.7833,39.0,77,100,1.99,light rain
355,Airai,TL,-8.9266,125.4092,64.74,79,77,0.56,broken clouds
356,Kalmunai,LK,7.4167,81.8167,76.5,83,64,1.45,broken clouds
357,San Andres,CO,12.5847,-81.7006,86.0,62,40,11.5,scattered clouds
358,Moron,AR,-34.6534,-58.6198,75.99,79,14,4.0,few clouds
359,Cayenne,GF,4.9333,-52.3333,81.0,100,75,4.61,broken clouds
360,Rincon,US,32.296,-81.2354,80.6,22,1,6.91,smoke
361,Derzhavinsk,KZ,51.1,66.3167,36.93,98,98,9.13,overcast clouds
362,Koungheul,SN,13.9833,-14.8,91.24,21,0,2.15,clear sky
363,Nanortalik,GL,60.1432,-45.2371,34.52,98,100,12.33,overcast clouds
364,Maneadero,MX,31.7167,-116.5667,64.0,77,100,3.0,overcast clouds
365,Saint-Augustin,CA,51.226,-58.6502,39.15,97,100,15.7,overcast clouds
366,Mwadui,TZ,-3.55,33.6,65.12,95,100,4.72,moderate rain
367,Pacific Grove,US,36.6177,-121.9166,57.2,62,1,10.36,clear sky
368,Palana,RU,59.1167,159.9667,18.14,88,100,6.24,light snow
369,Trairi,BR,-3.2778,-39.2689,80.13,79,87,9.78,overcast clouds
370,Ancud,CL,-41.8697,-73.8203,55.99,94,40,12.66,moderate rain
371,Sinnamary,GF,5.3833,-52.95,78.35,85,89,10.04,overcast clouds
372,Roma,US,43.2128,-75.4557,60.8,17,1,13.8,clear sky
373,Avera,US,33.194,-82.5271,80.6,22,1,5.75,clear sky
374,Bosaso,SO,11.2842,49.1816,79.11,45,99,5.95,overcast clouds
375,Murgab,TM,37.4966,61.9714,55.4,67,90,4.61,overcast clouds
376,Rockland,US,41.1668,-74.0496,64.99,15,1,12.66,clear sky
377,Tula,RU,54.2044,37.6111,36.77,86,100,7.31,overcast clouds
378,Sinnai,IT,39.3042,9.2036,55.0,76,0,8.05,clear sky
379,Marsa Matruh,EG,31.3525,27.2453,62.6,88,0,11.5,clear sky
380,Silivri,TR,41.0802,28.226,55.0,94,40,11.5,scattered clouds
381,Mecca,SA,21.4267,39.8261,78.4,45,1,2.1,clear sky
382,Hellvik,NO,59.9156,5.781,39.0,87,75,8.05,broken clouds
383,Bambanglipuro,ID,-7.95,110.2833,76.05,89,97,4.5,heavy intensity rain
384,Fairbanks,US,64.8378,-147.7164,15.01,67,1,3.44,clear sky
385,Siddipet,IN,18.1,78.85,75.72,57,5,8.23,clear sky
386,Zyryanka,RU,65.75,150.85,-2.49,84,100,9.44,overcast clouds
387,Atar,MR,20.5169,-13.0499,82.18,21,8,7.74,clear sky
388,Amapa,BR,1.0,-52.0,72.7,98,100,2.33,overcast clouds
389,Beachwood,US,41.4645,-81.5087,75.99,40,20,4.61,few clouds
390,North Bend,US,43.4065,-124.2243,61.0,71,1,21.85,clear sky
391,Ugoofaaru,MV,5.6667,73.0,82.72,70,80,7.38,broken clouds
392,Barcelos,PT,41.5388,-8.6151,57.0,93,0,4.61,clear sky
393,Melfort,CA,52.8667,-104.6177,57.2,28,30,9.22,scattered clouds
394,Kedrovka,RU,55.5333,86.05,33.8,80,0,8.95,clear sky
395,Diego De Almagro,CL,-26.3667,-70.05,69.67,46,2,4.41,clear sky
396,Atherton,GB,53.5237,-2.4935,33.01,71,10,7.9,clear sky
397,Aksarka,RU,66.5606,67.7975,22.44,95,100,6.51,overcast clouds
398,Thinadhoo,MV,0.5333,72.9333,83.66,60,79,7.05,broken clouds
399,Lembeni,TZ,-3.7833,37.6167,67.59,91,98,4.29,overcast clouds
400,Kholm-Zhirkovskiy,RU,55.5189,33.4731,32.14,92,100,5.3,light snow
401,Auki,SB,-8.7676,160.7034,78.78,84,100,6.96,overcast clouds
402,Codrington,AU,-38.2667,141.9667,58.75,73,12,6.35,few clouds
403,Cuamba,MZ,-14.8031,36.5372,63.79,89,2,5.44,clear sky
404,Deputatskiy,RU,69.3,139.9,-7.91,96,84,1.45,broken clouds
405,Jacmel,HT,18.2342,-72.5347,82.4,69,75,10.36,broken clouds
406,Carlsbad,US,33.1581,-117.3506,71.6,52,1,6.91,clear sky
407,Miyang,CN,24.4042,103.4428,54.16,89,86,3.2,overcast clouds
408,Narasannapeta,IN,18.4167,84.05,76.06,84,37,5.41,scattered clouds
409,Honningsvag,NO,70.9821,25.9704,32.2,88,100,24.27,light snow
410,Bay Roberts,CA,47.5999,-53.2648,37.99,100,100,5.99,overcast clouds
411,Rawson,AR,-43.3002,-65.1023,65.89,88,100,11.61,light rain
412,Kenora,CA,49.8167,-94.4337,51.8,32,75,9.22,broken clouds
413,Ust-Kulom,RU,61.6864,53.6902,32.04,92,96,5.48,overcast clouds
414,Inhambane,MZ,-23.865,35.3833,72.27,72,26,9.42,scattered clouds
415,Baijiantan,CN,45.6333,85.1833,52.05,51,48,3.31,scattered clouds
416,Chokwe,MZ,-24.5333,32.9833,64.63,84,0,3.22,clear sky
417,Mount Gambier,AU,-37.8333,140.7667,51.8,100,9,5.84,clear sky
418,Nishihara,JP,26.1842,127.7558,68.0,60,20,18.41,few clouds
419,Kars,TR,40.602,43.095,37.4,70,0,5.75,clear sky
420,Juneau,US,58.3019,-134.4197,37.4,87,90,12.66,light rain
421,Hofn,IS,64.2539,-15.2082,23.2,60,100,2.04,overcast clouds
422,Sharan,RU,54.8167,54.0,35.71,95,100,10.96,overcast clouds
423,Kuytun,RU,54.3419,101.5036,31.23,98,100,5.08,overcast clouds
424,Port Hawkesbury,CA,45.6169,-61.3485,44.6,87,90,5.75,overcast clouds
425,Kovvur,IN,17.0167,81.7333,75.25,84,17,3.11,few clouds
426,Qaqortoq,GL,60.7167,-46.0333,35.6,87,75,1.14,broken clouds
427,Qui Nhon,VN,13.7667,109.2333,73.67,92,99,6.31,overcast clouds
428,Byron Bay,AU,-28.65,153.6167,71.6,88,90,11.5,light rain
429,Kijang,KR,35.2442,129.2139,55.4,41,0,5.75,clear sky
430,Varadero,CU,23.1536,-81.2514,77.0,61,40,17.27,scattered clouds
431,Neuquen,AR,-38.9516,-68.0591,77.0,41,40,5.75,scattered clouds
432,Son La,VN,21.3167,103.9,64.22,98,88,2.01,overcast clouds
433,Hervey Bay,AU,-25.2986,152.8535,73.99,86,92,4.0,overcast clouds
434,Perth,AU,-31.9333,115.8333,68.0,82,0,4.61,clear sky
435,Kiruna,SE,67.8557,20.2251,28.4,74,20,19.57,few clouds
436,Alyangula,AU,-13.8483,136.4192,75.2,88,91,4.61,overcast clouds
437,Santa Vitoria Do Palmar,BR,-33.5189,-53.3681,67.53,88,9,7.54,clear sky
438,Barsovo,RU,61.1667,73.1667,33.8,100,75,15.66,light snow
439,Krasnyy Yar,RU,46.5331,48.3456,41.0,75,0,6.71,clear sky
440,Mitchell,US,43.7094,-98.0298,46.4,81,90,21.85,light rain
441,Samfya,ZM,-11.3649,29.5565,64.2,89,59,9.4,broken clouds
442,Smithers,CA,54.7804,-127.1743,46.4,46,90,8.05,overcast clouds
443,Kutum,SD,14.2,24.6667,74.34,12,0,7.74,clear sky
444,Jinchang,CN,38.4953,102.1739,41.47,65,78,3.36,broken clouds
445,Aripuana,BR,-9.1667,-60.6333,75.34,92,96,2.13,overcast clouds
446,Livani,LV,56.3543,26.1758,30.25,90,63,5.53,broken clouds
447,Ajaccio,FR,42.0,8.9167,50.0,62,90,3.44,overcast clouds
448,Tobol,KZ,52.6844,62.5794,32.54,98,100,6.91,overcast clouds
449,Kaeo,NZ,-35.1,173.7833,70.0,71,100,4.0,overcast clouds
450,Ambilobe,MG,-13.2,49.05,74.14,95,97,2.66,light rain
451,Adamas,GR,36.7333,24.4333,59.0,72,0,10.36,clear sky
452,Mayo,US,38.8876,-76.5119,66.2,34,1,6.91,clear sky
453,Aksarayskiy,RU,46.7924,48.0119,41.0,75,0,6.71,clear sky
454,Longyearbyen,SJ,78.2186,15.6401,12.2,57,75,24.16,broken clouds
455,Seoul,KR,37.5683,126.9778,44.6,87,2,1.14,mist
456,Alamogordo,US,32.8995,-105.9603,84.0,5,1,11.5,clear sky
457,Belle Fourche,US,44.6714,-103.8522,36.0,100,75,8.05,snow
458,Lompoc,US,34.6391,-120.4579,61.0,63,95,16.11,overcast clouds
459,Bella Union,UY,-30.2752,-57.6007,73.11,73,87,4.21,overcast clouds
460,Karaton,ID,-6.3424,106.1045,80.01,88,40,13.8,light rain
461,Bushenyi,UG,-0.5853,30.2114,59.5,93,55,0.22,broken clouds
462,Kaitangata,NZ,-46.2817,169.8464,57.33,68,100,4.59,overcast clouds
463,Bayji,IQ,34.9311,43.487,67.98,35,0,6.38,clear sky
464,Rebe,PH,7.9076,123.8155,78.64,81,100,2.95,overcast clouds
465,Dezful,IR,32.3811,48.4058,71.6,24,2,4.65,clear sky
466,Honavar,IN,14.2833,74.45,77.23,91,34,2.08,scattered clouds
467,Kamiiso,JP,41.8167,140.65,41.0,81,75,12.66,broken clouds
468,Kotagiri,IN,11.4333,76.8833,80.6,83,40,3.44,mist
469,Ust-Nera,RU,64.5667,143.2,8.28,91,95,1.59,overcast clouds
470,Miedzyrzec Podlaski,PL,51.9864,22.7825,31.08,80,60,6.78,broken clouds
471,Catuday,PH,16.2923,119.8062,78.06,71,8,12.06,clear sky
472,Kontagora,NG,10.3999,5.4695,85.87,23,3,1.36,clear sky
473,La Rioja,ES,42.25,-2.5,46.0,57,20,11.5,few clouds
474,Santa Helena,BR,-2.2311,-45.3,75.63,83,46,3.51,scattered clouds
475,Camana,PE,-16.6228,-72.7111,70.59,83,9,8.39,clear sky
476,Ballina,AU,-28.8667,153.5667,71.6,88,90,11.5,overcast clouds
477,Chapais,CA,49.7834,-74.8492,53.6,47,1,4.61,clear sky
478,Lively,CA,46.4334,-81.1498,48.2,66,90,12.66,overcast clouds
479,Te Anau,NZ,-45.4167,167.7167,56.16,67,35,0.45,scattered clouds
480,Luwuk,ID,-0.9516,122.7875,80.82,75,13,0.81,few clouds
481,Wangqing,CN,43.3218,129.7634,34.3,23,39,12.24,scattered clouds
482,Contamana,PE,-7.3333,-75.0167,74.79,96,96,1.36,overcast clouds
483,Quang Ngai,VN,15.1167,108.8,71.56,90,70,4.52,broken clouds
484,Kupang,ID,-10.1667,123.5833,77.86,79,84,4.32,broken clouds
485,Umba,RU,66.6871,34.3429,30.31,84,79,15.12,broken clouds
486,Burnie,AU,-41.0667,145.9167,60.01,84,64,1.99,broken clouds
487,Asfi,MA,32.2994,-9.2372,61.18,90,93,3.56,overcast clouds
488,Capaci,IT,38.1711,13.2393,62.01,72,20,19.57,few clouds
489,Khudumelapye,BW,-23.8833,24.75,68.13,60,59,8.63,light rain
490,Pisco,PE,-13.7,-76.2167,73.0,73,0,25.32,clear sky
491,Boende,CD,-0.2167,20.8667,71.62,94,83,1.07,broken clouds
492,Marrakesh,MA,31.6315,-8.0083,60.8,77,20,6.91,few clouds
493,Socorro,US,31.6546,-106.3033,86.0,5,75,17.27,broken clouds
494,Nueve De Julio,AR,-35.4444,-60.8831,77.0,64,2,3.0,clear sky
495,Puerto Carreno,CO,6.189,-67.4859,78.8,81,99,4.65,light rain
496,Tarakan,ID,3.3,117.6333,77.4,85,77,5.73,broken clouds
497,Kita,ML,13.0349,-9.4895,86.86,9,0,2.37,clear sky
498,Huatulco,MX,15.8436,-96.3267,84.99,70,90,9.22,overcast clouds
499,Le Tampon,RE,-21.2667,55.5167,77.0,69,0,5.75,clear sky
500,Kysyl-Syr,RU,63.8986,122.7617,-3.32,95,100,5.95,overcast clouds
501,Northam,GB,51.0333,-4.2167,39.99,74,75,5.01,broken clouds
502,Berdigestyakh,RU,62.0989,126.6992,-2.51,95,81,3.87,broken clouds
503,Gizo,SB,-8.103,156.8419,82.33,77,99,11.32,moderate rain
504,Evensk,RU,61.95,159.2333,17.85,59,100,6.42,overcast clouds
505,Toora-Khem,RU,52.4675,96.11,24.26,97,19,1.48,few clouds
506,Qurayyat,SA,31.3318,37.3428,66.2,22,0,6.91,clear sky
507,Chake Chake,TZ,-5.2459,39.7666,78.04,86,55,6.64,light rain
508,Chimbote,PE,-9.0853,-78.5783,72.18,78,100,9.44,overcast clouds
509,Hambantota,LK,6.1241,81.1185,75.2,100,40,3.44,scattered clouds
510,Monrovia,LR,6.3005,-10.7969,78.8,94,75,2.1,light rain
511,Puerto Narino,CO,-3.7703,-70.3831,80.6,89,75,3.44,moderate rain
512,Ife,NG,7.4667,4.5667,76.69,84,76,3.6,broken clouds
513,Port Hardy,CA,50.6996,-127.4199,46.4,71,75,5.75,light rain
514,Qingyuan,CN,23.7,113.0333,73.99,83,90,4.47,mist
515,Karangasem,ID,-8.45,115.6167,80.6,83,40,14.97,heavy intensity rain
516,Imbituba,BR,-28.24,-48.6703,69.8,88,75,2.3,broken clouds
517,Caucaia,BR,-3.7361,-38.6531,82.99,89,0,10.36,clear sky
518,Yar-Sale,RU,66.8333,70.8333,14.45,93,91,11.23,overcast clouds
519,Hilton Head Island,US,32.2163,-80.7526,75.2,38,1,9.22,clear sky
520,Adrar,MR,20.5022,-10.0711,79.83,17,31,9.64,scattered clouds
521,Honiara,SB,-9.4333,159.95,77.63,93,100,6.71,light rain
522,Maputo,MZ,-25.9653,32.5892,73.4,73,20,4.61,few clouds
523,Komatsu,JP,36.4026,136.4509,46.4,87,20,3.44,few clouds
524,Ko Samui,TH,9.5357,99.9357,83.19,74,79,9.89,broken clouds
525,Tianpeng,CN,30.9866,103.9393,59.0,100,40,4.32,mist
526,Itoman,JP,26.1247,127.6694,68.0,60,20,18.41,few clouds
527,Katsuura,JP,35.1333,140.3,51.8,66,75,12.66,broken clouds
528,Basco,PH,20.4487,121.9702,73.15,73,100,20.67,overcast clouds
529,Rodrigues Alves,BR,-7.738,-72.6509,89.6,66,40,3.44,scattered clouds
530,La Maddalena,IT,41.2142,9.4083,53.6,40,0,19.57,clear sky
531,Ambon,ID,-3.6954,128.1814,73.4,94,20,10.36,few clouds
532,Agadez,NE,19.75,10.25,80.4,6,0,7.85,clear sky
533,Ceres,US,37.5949,-120.9577,73.99,35,1,6.91,clear sky
534,Vardo,NO,70.3705,31.1107,33.8,69,75,25.32,broken clouds
535,Francistown,BW,-21.17,27.5079,65.34,55,0,17.22,clear sky
536,Soldotna,US,60.4878,-151.0583,30.99,34,1,4.61,clear sky
537,Suntar,RU,62.1444,117.6319,18.19,94,100,7.02,light snow
538,Chunoyar,RU,57.4467,97.3217,35.44,99,93,3.83,overcast clouds
539,Hammerfest,NO,70.6634,23.6821,33.8,86,75,9.22,light snow
540,Kodinsk,RU,58.6881,99.1844,32.86,98,72,4.03,broken clouds
541,Batemans Bay,AU,-35.7167,150.1833,69.01,97,50,2.39,scattered clouds
542,Umm Lajj,SA,25.0213,37.2685,78.21,50,0,5.03,clear sky
543,Tommot,RU,58.9564,126.2925,-0.62,89,26,2.39,scattered clouds
544,Kerema,PG,-7.9631,145.7785,81.55,72,100,0.94,overcast clouds
545,Turbat,PK,26.0023,63.044,77.43,8,0,9.44,clear sky
546,La Ronge,CA,55.1001,-105.2842,48.2,42,79,6.91,broken clouds
547,Lumeje,AO,-11.55,20.7833,69.62,64,92,3.85,overcast clouds
548,Hwange,ZW,-18.3693,26.5019,68.9,61,0,5.77,clear sky
549,Whyalla,AU,-33.0333,137.5833,57.2,94,0,4.61,clear sky
550,Carutapera,BR,-1.195,-46.02,77.99,83,68,7.81,broken clouds
551,Skibbereen,IE,51.55,-9.2667,37.4,65,20,5.75,few clouds
552,Oussouye,SN,12.485,-16.5469,78.8,88,0,7.94,clear sky
553,Shihezi,CN,44.3,86.0333,49.14,59,41,4.45,scattered clouds
554,Bolkhov,RU,53.4433,36.0044,38.79,88,100,7.34,light rain
555,Drumheller,CA,51.4617,-112.7101,62.6,17,9,6.91,clear sky
556,Nantucket,US,41.2835,-70.0995,43.0,87,97,13.06,overcast clouds
557,Ouadda,CF,8.0777,22.4007,76.1,19,76,3.36,broken clouds
558,Sibolga,ID,1.7427,98.7792,75.16,87,72,3.27,moderate rain
559,Kahului,US,20.8947,-156.47,78.8,53,40,18.41,scattered clouds
560,Orlik,RU,52.5178,99.825,13.75,89,42,1.86,scattered clouds
561,Moussoro,TD,13.6408,16.4901,85.41,14,6,9.64,clear sky
562,Xiaoweizhai,CN,26.1903,107.5125,57.69,98,100,2.28,overcast clouds
563,Oktyabrskiy,RU,54.4815,53.471,35.6,97,100,5.26,overcast clouds
564,Nagaur,IN,27.2,73.7333,69.66,54,17,8.7,few clouds
565,Madang,PG,-5.2246,145.7966,79.77,84,96,6.42,overcast clouds
566,Taltal,CL,-25.4,-70.4833,69.24,75,24,5.08,few clouds
567,Silver City,US,32.7701,-108.2803,75.2,7,1,28.77,clear sky
568,Dingle,PH,10.9995,122.6711,77.09,83,87,8.39,overcast clouds
569,Iroquois Falls,CA,48.7669,-80.6831,42.8,87,90,12.66,overcast clouds
570,Daru,PG,-9.0763,143.2092,81.01,78,100,2.01,light rain
571,Acapulco,MX,16.8634,-99.8901,86.0,62,20,11.5,few clouds
572,Koslan,RU,63.4564,48.8989,36.52,82,81,11.41,broken clouds
573,Hamina,FI,60.5697,27.1979,33.8,80,0,16.11,clear sky
574,Muhammadabad,IN,25.6333,83.75,77.36,14,3,6.71,clear sky
575,Sakakah,SA,29.9697,40.2064,69.8,11,0,16.11,clear sky
576,Mazamari,PE,-11.3258,-74.5308,71.31,96,100,0.74,overcast clouds
577,Gobabis,NA,-22.45,18.9667,66.45,58,76,12.08,broken clouds
578,Mansa,IN,29.9833,75.3833,66.83,65,74,11.59,broken clouds
579,Staryy Nadym,RU,65.6118,72.6842,26.76,94,100,15.52,overcast clouds
580,Vung Tau,VN,10.346,107.0843,80.4,77,87,18.19,overcast clouds
581,Moose Factory,CA,51.2585,-80.6094,42.8,75,90,5.75,overcast clouds
582,Colesberg,ZA,-30.72,25.0972,63.07,45,7,2.93,clear sky
583,Charters Towers,AU,-20.1,146.2667,79.68,60,34,6.49,scattered clouds
584,Aswan,EG,24.0934,32.907,77.56,10,1,8.43,clear sky
585,Hajnowka,PL,52.7433,23.5812,30.99,80,29,1.01,scattered clouds
586,Hengshui,CN,37.7322,115.7011,54.57,42,97,0.83,overcast clouds
587,Swan Hill,AU,-35.3378,143.5544,64.81,56,0,5.61,clear sky
588,Bowen,AU,-20.0167,148.2333,75.2,94,75,5.75,broken clouds
589,Sai Buri,TH,6.7013,101.6168,77.68,87,33,5.7,scattered clouds
590,Oranjemund,NA,-28.55,16.4333,59.47,92,2,6.73,clear sky
591,Athy,IE,52.9914,-6.9803,39.99,82,59,5.01,broken clouds
592,Ngunguru,NZ,-35.6167,174.5,70.0,71,100,4.0,overcast clouds
593,Abancay,PE,-13.6339,-72.8814,59.27,90,82,5.03,broken clouds
594,Bara,NG,10.3744,10.7288,85.1,14,78,7.56,broken clouds
595,Khasan,RU,42.4308,130.6434,43.23,45,9,12.71,clear sky
596,Alice Springs,AU,-23.7,133.8833,75.99,72,5,5.75,clear sky
597,Saint George,US,37.1041,-113.5841,73.0,8,1,18.41,clear sky
598,Visnes,NO,59.3556,5.2242,37.4,87,90,8.05,overcast clouds
599,Kuala Terengganu,MY,5.3302,103.1408,77.0,94,20,4.61,few clouds
600,Vila,PT,42.0304,-8.1588,50.0,76,11,5.99,few clouds
601,Kanniyakumari,IN,8.0833,77.5667,80.33,79,43,5.95,scattered clouds
602,Balkhash,KZ,46.844,74.9804,41.43,76,28,7.81,scattered clouds
603,Sandy Bay,AU,-42.913,147.3532,55.99,82,20,10.36,few clouds
604,Miracema Do Tocantins,BR,-9.5618,-48.3967,78.13,81,84,2.24,broken clouds
605,Hailar,CN,49.2,119.7,29.95,32,78,9.53,broken clouds
606,Yerbogachen,RU,61.2767,108.0108,33.39,93,100,5.32,overcast clouds
607,Bluefields,NI,12.0137,-83.7635,82.4,74,40,4.61,scattered clouds
608,Altay,CN,47.8667,88.1167,38.14,37,16,6.8,few clouds
609,Belmonte,BR,-15.8631,-38.8828,75.2,83,90,3.44,overcast clouds
610,Santiago,CL,-33.4569,-70.6483,75.2,46,0,5.75,clear sky
611,Gweta,BW,-20.1833,25.2333,75.24,38,38,15.23,scattered clouds
612,Bairiki,KI,1.3292,172.9752,75.2,88,90,20.71,moderate rain
613,Turmalina,BR,-17.2856,-42.73,66.69,82,96,3.71,overcast clouds
614,Kudahuvadhoo,MV,2.6708,72.8944,84.42,59,100,3.04,overcast clouds
615,Gallup,US,35.5281,-108.7426,66.2,5,1,21.85,clear sky
616,Bulawayo,ZW,-20.15,28.5833,58.75,65,0,13.33,clear sky
617,Tagusao,PH,9.1924,117.8141,78.48,79,100,3.44,overcast clouds
618,Esna,EG,25.2934,32.554,73.4,16,0,3.44,clear sky
619,Sosnogorsk,RU,63.6023,53.8817,35.44,78,100,7.11,overcast clouds
620,Astoria,US,46.1879,-123.8313,57.0,58,1,10.36,clear sky
621,Beyneu,KZ,45.3167,55.2,46.38,55,5,8.55,clear sky
622,Whitehorse,CA,60.7161,-135.0538,21.0,53,90,9.22,light snow
623,Najran,SA,17.4924,44.1277,66.2,22,7,3.33,clear sky
624,Lyuban,BY,52.7985,28.0048,34.12,81,100,3.6,light snow
625,Tekkali,IN,18.6167,84.2333,75.11,87,26,4.97,scattered clouds
626,San Pedro,PH,14.35,121.0167,81.0,89,20,1.14,few clouds
627,Tateyama,JP,34.9833,139.8667,51.8,66,75,12.66,broken clouds
628,Markova,UA,48.6758,24.4138,27.77,93,100,3.22,overcast clouds
629,Sioux Lookout,CA,50.1001,-91.917,53.6,32,20,9.22,few clouds
630,Elizabeth City,US,36.2946,-76.2511,64.4,32,1,9.22,clear sky
631,Chern,RU,53.4523,36.9145,38.01,87,100,9.4,overcast clouds
632,Pozo Colorado,PY,-23.4923,-58.7972,80.8,53,100,4.79,overcast clouds
633,Santiago Del Estero,AR,-27.7951,-64.2615,76.77,73,73,6.8,broken clouds
634,Ostroleka,PL,53.0862,21.5757,33.01,75,86,1.01,overcast clouds
635,Itarema,BR,-2.9248,-39.9167,80.4,78,99,12.8,overcast clouds
636,Bridlington,GB,54.0831,-0.1919,33.01,61,83,4.0,broken clouds
637,Mayor Pablo Lagerenza,PY,-19.9309,-60.7718,75.51,82,60,6.11,broken clouds
638,Maryborough,AU,-25.5333,152.7,73.99,86,92,4.0,overcast clouds
639,Poum,NC,-20.2333,164.0167,79.03,72,100,18.9,overcast clouds
640,Alenquer,BR,-1.9417,-54.7383,80.6,89,20,3.44,few clouds
641,Fairview,US,40.8126,-73.999,71.6,7,1,5.75,clear sky
642,Saint-Georges,GD,12.0564,-61.7485,82.4,74,20,13.8,few clouds
643,Kamaishi,JP,39.2667,141.8833,43.18,60,100,2.44,overcast clouds
644,Zinder,NE,13.8072,8.9881,83.68,12,5,6.73,clear sky
645,Iwanai,JP,42.9744,140.5089,40.82,60,100,7.05,overcast clouds
646,Bilma,NE,18.6853,12.9164,81.37,5,29,5.26,scattered clouds
647,Finnsnes,NO,69.2296,17.9811,30.2,93,90,17.27,snow
648,Ascension,US,30.2169,-90.9001,77.0,69,90,8.05,overcast clouds
649,Greensburg,US,40.3015,-79.5389,75.2,33,40,8.05,scattered clouds
650,Maceio,BR,-9.6658,-35.7353,77.0,83,0,5.75,clear sky
651,Taoudenni,ML,22.6783,-3.9836,83.52,12,1,8.59,clear sky
652,Araouane,ML,18.9048,-3.5265,81.82,7,0,7.7,clear sky
653,Bisho,ZA,-32.8472,27.4422,56.84,92,41,7.05,scattered clouds
654,Kyabe,TD,9.4515,18.9449,87.98,13,93,3.8,overcast clouds
655,Pontianak,ID,-0.0333,109.3333,75.2,100,40,3.0,mist
656,Shabqadar,PK,34.2139,71.5552,57.2,77,40,2.15,haze
657,Mwense,ZM,-10.3845,28.698,66.09,93,38,6.55,scattered clouds
658,Trybukhivtsi,UA,49.0436,25.4581,35.01,81,100,7.23,overcast clouds
659,Lusambo,CD,-4.9667,23.45,70.25,98,100,1.1,overcast clouds
660,Hutang,CN,31.5333,119.4833,48.99,85,100,10.0,light rain
661,Birao,CF,10.2849,22.7882,81.28,12,11,6.17,few clouds
662,Mae Hong Son,TH,19.3003,97.9685,67.66,88,61,0.96,broken clouds
663,Belyy Yar,RU,53.6039,91.3903,41.0,70,0,4.47,clear sky
664,Beloha,MG,-25.1667,45.05,71.02,74,59,7.87,broken clouds
665,Ingraj Bazar,IN,25.0,88.15,74.53,56,0,8.88,clear sky
666,Chapaevsk,RU,52.9813,49.7112,35.6,93,75,4.47,broken clouds
667,Campos Novos,BR,-27.4017,-51.225,60.58,76,51,3.33,broken clouds
668,Maldonado,UY,-34.6667,-54.9167,71.6,88,20,5.75,few clouds
669,Sandnessjoen,NO,66.0217,12.6316,37.4,65,40,21.85,scattered clouds
670,Faya,SA,18.3851,42.4509,66.2,45,0,2.15,clear sky
671,Flin Flon,CA,54.7682,-101.865,46.4,42,20,5.75,few clouds
672,Victor Harbor,AU,-35.5667,138.6167,66.99,77,0,5.75,clear sky
673,Nago,JP,26.5881,127.9761,68.0,68,20,9.22,few clouds
674,Sobolevo,RU,54.4299,31.8996,34.54,78,100,4.43,light snow
675,Oyem,GA,1.5995,11.5793,66.63,97,100,2.8,light rain
676,Katherine,AU,-14.4667,132.2667,71.6,88,40,1.14,scattered clouds
677,Namibe,AO,-15.1961,12.1522,78.39,78,76,4.05,broken clouds
678,Khilok,RU,51.3674,110.4676,27.03,81,6,2.19,clear sky
679,Austin,US,30.2672,-97.7431,84.2,48,40,26.46,scattered clouds
680,Emerald,AU,-23.5333,148.1667,73.4,88,90,14.97,overcast clouds
681,Sedam,IN,17.1773,77.2824,81.57,43,9,6.73,clear sky
682,Axim,GH,4.8699,-2.2405,79.95,88,9,4.38,clear sky
683,Novoraychikhinsk,RU,49.7798,129.594,19.38,48,100,17.72,overcast clouds
684,Motihari,IN,26.65,84.9167,74.52,16,0,8.08,clear sky
685,Nouakchott,MR,18.0858,-15.9785,75.2,64,0,14.97,clear sky
686,Pundaguitan,PH,6.3711,126.1689,80.58,78,90,6.53,overcast clouds
